start_time,end_time,frames_count,people_detected,total_violations,violation_rate,objects_seen
2025-10-16 15:57:00,2025-10-16 15:57:30,135,2,2,0.014814814814814815,"['person', 'tie']"
2025-10-16 15:58:00,2025-10-16 15:58:30,384,1,1,0.0026041666666666665,"['bottle', 'orange', 'banana', 'toothbrush', 'donut', 'hot dog', 'tie', 'remote', 'person', 'frisbee', 'cell phone', 'chair']"
2025-10-16 15:59:00,2025-10-16 15:59:30,378,1,1,0.0026455026455026454,"['bottle', 'donut', 'bird', 'sports ball', 'tie', 'person', 'frisbee', 'cell phone', 'chair']"
2025-10-16 16:00:00,2025-10-16 16:00:30,316,1,1,0.0031645569620253164,"['toilet', 'banana', 'toothbrush', 'cup', 'hot dog', 'donut', 'tie', 'remote', 'person', 'frisbee', 'cell phone', 'chair']"
2025-10-16 16:01:00,2025-10-16 16:01:30,3,1,1,0.3333333333333333,['chair']
2025-10-16 16:03:00,2025-10-16 16:03:30,1,1,1,1.0,['chair']
2025-10-16 16:04:00,2025-10-16 16:04:30,1,1,1,1.0,['chair']
2025-10-16 16:05:00,2025-10-16 16:05:30,4,1,1,0.25,['chair']
2025-10-16 16:17:00,2025-10-16 16:17:30,113,1,1,0.008849557522123894,"['person', 'wine glass', 'frisbee', 'chair']"
2025-10-16 16:18:00,2025-10-16 16:18:30,15,1,1,0.06666666666666667,"['person', 'airplane', 'chair']"
2025-10-16 16:25:00,2025-10-16 16:25:30,3,1,1,0.3333333333333333,['chair']
2025-10-16 16:26:00,2025-10-16 16:26:30,1,1,1,1.0,['chair']
2025-10-16 16:28:00,2025-10-16 16:28:30,26,1,1,0.038461538461538464,['chair']
2025-10-16 16:35:00,2025-10-16 16:35:30,115,1,1,0.008695652173913044,"['orange', 'donut', 'tie', 'person', 'couch', 'chair']"
2025-10-16 16:36:00,2025-10-16 16:36:30,216,1,1,0.004629629629629629,"['bottle', 'toothbrush', 'donut', 'hot dog', 'person', 'couch', 'frisbee', 'chair']"
2025-10-16 16:37:00,2025-10-16 16:37:30,376,1,1,0.0026595744680851063,"['bottle', 'orange', 'banana', 'toothbrush', 'hot dog', 'dog', 'donut', 'tie', 'apple', 'remote', 'person', 'pizza', 'frisbee', 'chair']"
2025-10-16 16:38:00,2025-10-16 16:38:30,216,1,1,0.004629629629629629,"['orange', 'banana', 'hot dog', 'teddy bear', 'person', 'couch', 'chair']"
2025-10-16 18:15:00,2025-10-16 18:15:30,73,1,1,0.0136986301369863,"['elephant', 'dog', 'bird', 'teddy bear', 'person', 'airplane', 'couch', 'chair']"
2025-10-16 18:16:00,2025-10-16 18:16:30,382,1,1,0.002617801047120419,"['bottle', 'bed', 'banana', 'toothbrush', 'dog', 'bird', 'teddy bear', 'book', 'remote', 'person', 'couch', 'chair']"
2025-10-16 18:17:00,2025-10-16 18:17:30,388,1,1,0.002577319587628866,"['bottle', 'orange', 'bed', 'banana', 'spoon', 'dog', 'bird', 'teddy bear', 'person', 'couch', 'frisbee']"
2025-10-16 18:18:00,2025-10-16 18:18:30,393,1,1,0.002544529262086514,"['bottle', 'bed', 'banana', 'cup', 'donut', 'umbrella', 'teddy bear', 'person', 'couch', 'vase', 'chair']"
2025-10-16 18:19:00,2025-10-16 18:19:30,292,1,1,0.003424657534246575,"['cow', 'banana', 'cat', 'donut', 'umbrella', 'dog', 'teddy bear', 'tie', 'person', 'couch', 'chair', 'toothbrush']"
2025-10-16 18:20:00,2025-10-16 18:20:30,229,1,1,0.004366812227074236,"['bottle', 'banana', 'donut', 'hot dog', 'teddy bear', 'tie', 'person', 'couch', 'cell phone']"
2025-10-16 18:21:00,2025-10-16 18:21:30,240,1,1,0.004166666666666667,"['banana', 'umbrella', 'teddy bear', 'person', 'couch']"
2025-10-16 18:22:00,2025-10-16 18:22:30,163,1,1,0.006134969325153374,"['bed', 'umbrella', 'teddy bear', 'clock', 'person', 'couch']"
2025-10-16 18:23:00,2025-10-16 18:23:30,170,1,1,0.0058823529411764705,"['bottle', 'cup', 'umbrella', 'teddy bear', 'clock', 'cake', 'remote', 'person', 'couch']"
2025-10-16 18:24:00,2025-10-16 18:24:30,298,1,1,0.003355704697986577,"['bottle', 'cup', 'banana', 'donut', 'teddy bear', 'couch', 'car', 'person', 'tv', 'cell phone', 'chair']"
2025-10-16 18:25:00,2025-10-16 18:25:30,286,1,1,0.0034965034965034965,"['bottle', 'kite', 'suitcase', 'cup', 'spoon', 'banana', 'umbrella', 'teddy bear', 'sports ball', 'wine glass', 'carrot', 'remote', 'person', 'couch', 'cell phone', 'chair']"
2025-10-16 18:26:00,2025-10-16 18:26:30,862,1,1,0.001160092807424594,"['bottle', 'cup', 'banana', 'donut', 'teddy bear', 'sports ball', 'book', 'remote', 'person', 'couch', 'cell phone', 'chair']"
2025-10-16 18:27:00,2025-10-16 18:27:30,749,1,1,0.0013351134846461949,"['bottle', 'bed', 'umbrella', 'teddy bear', 'book', 'remote', 'person', 'couch', 'cell phone']"
2025-10-16 18:28:00,2025-10-16 18:28:30,763,1,1,0.001310615989515072,"['bottle', 'banana', 'sports ball', 'book', 'teddy bear', 'remote', 'person', 'couch', 'cell phone']"
2025-10-16 18:29:00,2025-10-16 18:29:30,826,1,1,0.0012106537530266344,"['bottle', 'bed', 'banana', 'teddy bear', 'book', 'sports ball', 'remote', 'person', 'couch', 'cell phone']"
2025-10-16 18:30:00,2025-10-16 18:30:30,701,1,1,0.0014265335235378032,"['bottle', 'bed', 'umbrella', 'teddy bear', 'book', 'sports ball', 'remote', 'person', 'couch', 'cell phone']"
2025-10-16 18:31:00,2025-10-16 18:31:30,345,1,1,0.002898550724637681,"['bottle', 'bed', 'banana', 'teddy bear', 'sports ball', 'sheep', 'remote', 'person', 'couch', 'cell phone', 'chair']"
2025-10-16 18:32:00,2025-10-16 18:32:30,321,1,1,0.003115264797507788,"['bottle', 'suitcase', 'teddy bear', 'laptop', 'carrot', 'person', 'couch', 'chair']"
2025-10-16 18:33:00,2025-10-16 18:33:30,505,1,1,0.0019801980198019802,"['bottle', 'laptop', 'teddy bear', 'tie', 'snowboard', 'person', 'couch', 'chair']"
2025-10-16 18:34:00,2025-10-16 18:34:30,374,1,1,0.00267379679144385,"['bottle', 'bed', 'suitcase', 'toothbrush', 'umbrella', 'teddy bear', 'sports ball', 'snowboard', 'person', 'couch', 'chair']"
2025-10-16 18:35:00,2025-10-16 18:35:30,664,1,1,0.0015060240963855422,"['bottle', 'suitcase', 'cup', 'banana', 'donut', 'teddy bear', 'remote', 'person', 'couch', 'cell phone']"
2025-10-16 18:36:00,2025-10-16 18:36:30,549,1,1,0.0018214936247723133,"['bottle', 'suitcase', 'bed', 'banana', 'bird', 'umbrella', 'teddy bear', 'laptop', 'book', 'sports ball', 'remote', 'person', 'couch', 'cell phone']"
2025-10-16 18:37:00,2025-10-16 18:37:30,449,1,1,0.0022271714922048997,"['bottle', 'suitcase', 'banana', 'umbrella', 'teddy bear', 'book', 'person', 'couch', 'cell phone']"
2025-10-16 18:38:00,2025-10-16 18:38:30,345,1,1,0.002898550724637681,"['bottle', 'suitcase', 'banana', 'teddy bear', 'remote', 'person', 'couch', 'cell phone']"
2025-10-16 18:39:00,2025-10-16 18:39:30,269,1,1,0.0037174721189591076,"['bottle', 'suitcase', 'banana', 'teddy bear', 'boat', 'person', 'couch', 'cell phone']"
2025-10-16 18:40:00,2025-10-16 18:40:30,302,1,1,0.0033112582781456954,"['bottle', 'suitcase', 'bed', 'banana', 'umbrella', 'teddy bear', 'boat', 'person', 'couch', 'cell phone']"
2025-10-16 18:41:00,2025-10-16 18:41:30,293,1,1,0.0034129692832764505,"['bottle', 'bed', 'suitcase', 'banana', 'umbrella', 'teddy bear', 'sports ball', 'boat', 'carrot', 'remote', 'person', 'couch', 'cell phone']"
2025-10-16 18:42:00,2025-10-16 18:42:30,242,1,1,0.004132231404958678,"['bottle', 'suitcase', 'banana', 'umbrella', 'teddy bear', 'remote', 'person', 'couch', 'cell phone']"
2025-10-16 18:43:00,2025-10-16 18:43:30,288,1,1,0.003472222222222222,"['bottle', 'bed', 'suitcase', 'cat', 'umbrella', 'teddy bear', 'remote', 'person', 'couch', 'cell phone']"
2025-10-16 18:44:00,2025-10-16 18:44:30,366,1,1,0.00273224043715847,"['bottle', 'bed', 'banana', 'cup', 'dog', 'teddy bear', 'book', 'laptop', 'wine glass', 'remote', 'person', 'couch', 'chair']"
2025-10-16 18:45:00,2025-10-16 18:45:30,550,1,1,0.0018181818181818182,"['bottle', 'banana', 'hot dog', 'teddy bear', 'book', 'sports ball', 'remote', 'person', 'couch', 'cell phone']"
2025-10-16 18:46:00,2025-10-16 18:46:30,309,1,1,0.003236245954692557,"['bottle', 'banana', 'cup', 'dog', 'teddy bear', 'book', 'bowl', 'remote', 'person', 'couch', 'cell phone', 'chair']"
2025-10-16 18:47:00,2025-10-16 18:47:30,574,1,1,0.0017421602787456446,"['bottle', 'banana', 'cup', 'hot dog', 'bird', 'teddy bear', 'sports ball', 'book', 'cake', 'remote', 'person', 'couch', 'cell phone', 'toothbrush']"
2025-10-16 18:48:00,2025-10-16 18:48:30,436,1,1,0.0022935779816513763,"['bottle', 'banana', 'hot dog', 'teddy bear', 'book', 'carrot', 'person', 'couch', 'cell phone', 'chair']"
2025-10-16 18:49:00,2025-10-16 18:49:30,424,1,1,0.0023584905660377358,"['bottle', 'banana', 'hot dog', 'teddy bear', 'book', 'sports ball', 'remote', 'person', 'couch', 'cell phone', 'chair']"
2025-10-16 18:50:00,2025-10-16 18:50:30,445,1,1,0.0022471910112359553,"['bottle', 'teddy bear', 'book', 'sports ball', 'remote', 'person', 'couch', 'cell phone', 'chair']"
2025-10-16 18:51:00,2025-10-16 18:51:30,477,1,1,0.0020964360587002098,"['bottle', 'bed', 'banana', 'teddy bear', 'sports ball', 'book', 'remote', 'person', 'couch', 'cell phone', 'chair']"
2025-10-16 18:52:00,2025-10-16 18:52:30,269,1,1,0.0037174721189591076,"['bottle', 'banana', 'hot dog', 'teddy bear', 'book', 'sports ball', 'remote', 'person', 'couch', 'cell phone', 'chair']"
2025-10-16 18:53:00,2025-10-16 18:53:30,416,1,1,0.002403846153846154,"['bottle', 'banana', 'teddy bear', 'book', 'sports ball', 'remote', 'person', 'couch', 'cell phone', 'chair']"
2025-10-16 18:54:00,2025-10-16 18:54:30,297,1,1,0.003367003367003367,"['bottle', 'banana', 'teddy bear', 'book', 'remote', 'person', 'couch', 'cell phone', 'chair']"
2025-10-16 18:55:00,2025-10-16 18:55:30,280,1,1,0.0035714285714285713,"['bottle', 'banana', 'teddy bear', 'book', 'remote', 'person', 'couch', 'cell phone', 'chair']"
2025-10-16 18:56:00,2025-10-16 18:56:30,426,1,1,0.002347417840375587,"['bottle', 'orange', 'banana', 'teddy bear', 'book', 'laptop', 'sports ball', 'cake', 'carrot', 'remote', 'person', 'couch', 'cell phone', 'chair']"
2025-10-16 18:57:00,2025-10-16 18:57:30,449,1,1,0.0022271714922048997,"['bottle', 'teddy bear', 'book', 'laptop', 'carrot', 'remote', 'person', 'couch', 'cell phone', 'chair']"
2025-10-16 18:58:00,2025-10-16 18:58:30,325,1,1,0.003076923076923077,"['bottle', 'teddy bear', 'bowl', 'person', 'couch', 'cell phone', 'chair']"
2025-10-16 18:59:00,2025-10-16 18:59:30,549,1,1,0.0018214936247723133,"['bottle', 'teddy bear', 'book', 'bowl', 'person', 'couch', 'cell phone', 'chair']"
2025-10-16 19:00:00,2025-10-16 19:00:30,520,1,1,0.0019230769230769232,"['bottle', 'teddy bear', 'book', 'person', 'cell phone']"
2025-10-16 19:01:00,2025-10-16 19:01:30,508,1,1,0.001968503937007874,"['bottle', 'bed', 'teddy bear', 'laptop', 'book', 'person', 'couch', 'cell phone']"
2025-10-16 19:02:00,2025-10-16 19:02:30,364,1,1,0.0027472527472527475,"['bottle', 'banana', 'cup', 'laptop', 'teddy bear', 'book', 'carrot', 'remote', 'person', 'couch', 'cell phone', 'chair']"
2025-10-16 19:03:00,2025-10-16 19:03:30,500,1,1,0.002,"['bottle', 'banana', 'teddy bear', 'book', 'laptop', 'cake', 'remote', 'person', 'couch', 'cell phone', 'chair']"
2025-10-16 19:04:00,2025-10-16 19:04:30,544,1,1,0.001838235294117647,"['bottle', 'banana', 'hot dog', 'teddy bear', 'book', 'laptop', 'couch', 'remote', 'person', 'sandwich', 'tv', 'chair']"
2025-10-16 19:05:00,2025-10-16 19:05:30,404,2,2,0.0049504950495049506,"['bottle', 'bed', 'banana', 'cup', 'teddy bear', 'book', 'laptop', 'clock', 'carrot', 'remote', 'person', 'couch', 'cell phone', 'chair']"
2025-10-16 19:06:00,2025-10-16 19:06:30,573,1,1,0.0017452006980802793,"['bottle', 'banana', 'hot dog', 'teddy bear', 'laptop', 'book', 'cake', 'remote', 'person', 'sandwich', 'cell phone', 'chair']"
2025-10-16 19:07:00,2025-10-16 19:07:30,348,1,1,0.0028735632183908046,"['bottle', 'bed', 'banana', 'teddy bear', 'laptop', 'sports ball', 'book', 'fire hydrant', 'cake', 'bowl', 'remote', 'person', 'couch', 'cell phone', 'chair']"
2025-10-16 19:08:00,2025-10-16 19:08:30,299,1,1,0.0033444816053511705,"['bottle', 'banana', 'teddy bear', 'sports ball', 'laptop', 'book', 'bowl', 'remote', 'person', 'couch', 'cell phone', 'chair']"
2025-10-16 19:09:00,2025-10-16 19:09:30,298,1,1,0.003355704697986577,"['bottle', 'banana', 'laptop', 'teddy bear', 'sports ball', 'book', 'cake', 'remote', 'person', 'couch', 'chair']"
2025-10-16 19:10:00,2025-10-16 19:10:30,259,1,1,0.003861003861003861,"['bottle', 'bed', 'banana', 'teddy bear', 'laptop', 'book', 'sports ball', 'person', 'sandwich', 'couch']"
2025-10-16 19:11:00,2025-10-16 19:11:30,259,1,1,0.003861003861003861,"['bottle', 'bed', 'banana', 'cup', 'teddy bear', 'laptop', 'book', 'sports ball', 'remote', 'person', 'couch', 'chair']"
2025-10-16 19:12:00,2025-10-16 19:12:30,208,1,1,0.004807692307692308,"['bottle', 'bed', 'banana', 'teddy bear', 'laptop', 'book', 'remote', 'person', 'couch']"
2025-10-16 19:13:00,2025-10-16 19:13:30,224,1,1,0.004464285714285714,"['bottle', 'bed', 'banana', 'teddy bear', 'laptop', 'person', 'couch']"
2025-10-16 19:14:00,2025-10-16 19:14:30,213,1,1,0.004694835680751174,"['bottle', 'bed', 'banana', 'laptop', 'teddy bear', 'book', 'person', 'couch', 'sink']"
2025-10-16 19:15:00,2025-10-16 19:15:30,227,1,1,0.004405286343612335,"['bottle', 'bed', 'banana', 'laptop', 'teddy bear', 'book', 'person', 'couch']"
2025-10-16 19:16:00,2025-10-16 19:16:30,59,1,1,0.01694915254237288,"['bottle', 'bed', 'banana', 'laptop', 'teddy bear', 'person', 'couch', 'sink']"
2025-10-16 19:17:00,2025-10-16 19:17:30,9,1,1,0.1111111111111111,"['bottle', 'bed', 'banana', 'teddy bear', 'laptop', 'book', 'couch']"
2025-10-16 19:18:00,2025-10-16 19:18:30,34,1,1,0.029411764705882353,"['bottle', 'bed', 'banana', 'teddy bear', 'laptop', 'person', 'couch']"
2025-10-16 19:19:00,2025-10-16 19:19:30,125,1,1,0.008,"['bottle', 'bed', 'suitcase', 'banana', 'laptop', 'teddy bear', 'person', 'couch', 'sink', 'chair']"
2025-10-16 19:20:00,2025-10-16 19:20:30,239,1,1,0.0041841004184100415,"['bottle', 'bed', 'banana', 'laptop', 'teddy bear', 'sports ball', 'book', 'person', 'couch', 'chair']"
2025-10-16 19:21:00,2025-10-16 19:21:30,300,1,1,0.0033333333333333335,"['bottle', 'bed', 'suitcase', 'banana', 'toilet', 'pizza', 'laptop', 'teddy bear', 'book', 'knife', 'cake', 'remote', 'person', 'couch', 'sink', 'chair']"
2025-10-16 19:22:00,2025-10-16 19:22:30,239,2,2,0.008368200836820083,"['bottle', 'suitcase', 'bed', 'banana', 'handbag', 'teddy bear', 'book', 'sports ball', 'remote', 'person', 'couch', 'chair']"
2025-10-16 19:23:00,2025-10-16 19:23:30,283,2,2,0.007067137809187279,"['bottle', 'bed', 'suitcase', 'banana', 'teddy bear', 'sports ball', 'book', 'bowl', 'remote', 'person', 'couch', 'chair']"
2025-10-16 19:24:00,2025-10-16 19:24:30,271,1,1,0.0036900369003690036,"['bottle', 'bed', 'banana', 'teddy bear', 'book', 'apple', 'bowl', 'person', 'couch', 'chair']"
2025-10-17 12:47:00,2025-10-17 12:47:30,21,1,1,0.047619047619047616,['person']
2025-10-17 12:48:00,2025-10-17 12:48:30,260,1,1,0.0038461538461538464,"['bottle', 'orange', 'vase', 'banana', 'skateboard', 'toothbrush', 'donut', 'tie', 'person', 'frisbee', 'cell phone', 'chair']"
2025-10-17 12:49:00,2025-10-17 12:49:30,45,2,2,0.044444444444444446,"['bottle', 'donut', 'person', 'couch', 'cell phone', 'chair']"
2025-10-17 12:50:00,2025-10-17 12:50:30,33,2,2,0.06060606060606061,"['person', 'chair', 'remote']"
2025-10-17 12:51:00,2025-10-17 12:51:30,251,1,1,0.00398406374501992,"['person', 'bird', 'cell phone', 'remote']"
2025-10-17 12:52:00,2025-10-17 12:52:30,248,1,1,0.004032258064516129,"['person', 'cell phone']"
2025-10-17 12:53:00,2025-10-17 12:53:30,260,1,1,0.0038461538461538464,"['person', 'cell phone']"
2025-10-17 12:54:00,2025-10-17 12:54:30,234,1,1,0.004273504273504274,"['person', 'cell phone', 'remote']"
2025-10-17 12:55:00,2025-10-17 12:55:30,241,1,1,0.004149377593360996,"['person', 'frisbee', 'cell phone']"
2025-10-17 12:56:00,2025-10-17 12:56:30,218,1,1,0.0045871559633027525,"['person', 'cell phone']"
2025-10-17 12:57:00,2025-10-17 12:57:30,216,1,1,0.004629629629629629,"['person', 'cell phone', 'remote']"
2025-10-17 12:58:00,2025-10-17 12:58:30,201,1,1,0.004975124378109453,"['baseball bat', 'remote', 'chair', 'person', 'frisbee', 'cell phone', 'toothbrush']"
2025-10-17 12:59:00,2025-10-17 12:59:30,142,2,2,0.014084507042253521,"['person', 'chair']"
2025-10-17 13:00:00,2025-10-17 13:00:30,157,2,2,0.012738853503184714,"['skateboard', 'tie', 'remote', 'person', 'wine glass', 'cell phone', 'chair']"
2025-10-17 13:04:00,2025-10-17 13:04:30,96,1,1,0.010416666666666666,"['kite', 'dog', 'remote', 'person', 'frisbee', 'cell phone', 'chair']"
2025-10-17 13:05:00,2025-10-17 13:05:30,160,1,1,0.00625,"['person', 'bird', 'cell phone', 'chair']"
2025-10-17 14:12:00,2025-10-17 14:12:30,1,1,1,1.0,"['person', 'chair']"
2025-10-17 14:13:00,2025-10-17 14:13:30,166,2,2,0.012048192771084338,"['person', 'chair', 'remote']"
2025-10-17 14:14:00,2025-10-17 14:14:30,303,1,1,0.0033003300330033004,"['person', 'couch', 'chair', 'tie']"
2025-10-17 14:15:00,2025-10-17 14:15:30,306,1,1,0.0032679738562091504,"['bed', 'remote', 'person', 'couch', 'chair']"
2025-10-17 14:16:00,2025-10-17 14:16:30,339,1,1,0.0029498525073746312,"['person', 'frisbee', 'cell phone', 'remote']"
2025-10-17 14:17:00,2025-10-17 14:17:30,92,1,1,0.010869565217391304,['person']
2025-10-17 16:41:00,2025-10-17 16:41:30,166,2,2,0.012048192771084338,"['bottle', 'toilet', 'cup', 'skateboard', 'tie', 'snowboard', 'person', 'couch', 'chair', 'toothbrush']"
2025-10-17 16:42:00,2025-10-17 16:42:30,353,1,1,0.0028328611898017,"['bottle', 'toilet', 'cup', 'handbag', 'book', 'remote', 'person', 'frisbee', 'cell phone', 'chair']"
2025-10-17 16:43:00,2025-10-17 16:43:30,331,2,2,0.006042296072507553,"['orange', 'toilet', 'cup', 'donut', 'hot dog', 'tie', 'remote', 'person', 'frisbee', 'cell phone', 'chair', 'surfboard']"
2025-10-17 16:44:00,2025-10-17 16:44:30,326,1,1,0.003067484662576687,"['person', 'cell phone', 'chair']"
2025-10-17 16:45:00,2025-10-17 16:45:30,292,1,1,0.003424657534246575,"['person', 'donut', 'chair', 'remote']"
2025-10-17 16:46:00,2025-10-17 16:46:30,304,1,1,0.003289473684210526,"['person', 'couch', 'cell phone', 'chair']"
2025-10-17 16:47:00,2025-10-17 16:47:30,308,1,1,0.003246753246753247,"['person', 'donut', 'cell phone', 'chair']"
2025-10-17 16:48:00,2025-10-17 16:48:30,317,1,1,0.0031545741324921135,"['toothbrush', 'donut', 'laptop', 'remote', 'person', 'couch', 'chair']"
2025-10-17 16:49:00,2025-10-17 16:49:30,342,1,1,0.0029239766081871343,"['toothbrush', 'donut', 'remote', 'person', 'chair']"
2025-10-17 16:50:00,2025-10-17 16:50:30,163,2,2,0.012269938650306749,"['toothbrush', 'donut', 'laptop', 'remote', 'person', 'cell phone', 'chair']"
2025-10-17 16:51:00,2025-10-17 16:51:30,1,1,1,1.0,['chair']
2025-10-17 16:52:00,2025-10-17 16:52:30,2,1,1,0.5,['chair']
2025-10-17 16:53:00,2025-10-17 16:53:30,4,1,1,0.25,['chair']
2025-10-17 16:54:00,2025-10-17 16:54:30,41,2,2,0.04878048780487805,"['person', 'chair']"
2025-10-17 16:55:00,2025-10-17 16:55:30,317,2,2,0.006309148264984227,"['person', 'couch', 'chair', 'remote']"
2025-10-17 16:56:00,2025-10-17 16:56:30,282,1,1,0.0035460992907801418,"['donut', 'laptop', 'tie', 'person', 'couch', 'cell phone', 'chair']"
2025-10-17 16:57:00,2025-10-17 16:57:30,212,1,1,0.0047169811320754715,"['laptop', 'person', 'couch', 'cell phone', 'chair']"
2025-10-17 19:45:00,2025-10-17 19:45:30,156,2,1,0.00641025641025641,"['toilet', 'chair']"
2025-10-17 19:46:00,2025-10-17 19:46:30,148,1,1,0.006756756756756757,"['toilet', 'chair']"
2025-10-17 19:47:00,2025-10-17 19:47:30,141,1,1,0.0070921985815602835,"['toilet', 'chair']"
2025-10-17 19:48:00,2025-10-17 19:48:30,167,2,1,0.005988023952095809,"['toilet', 'chair']"
2025-10-17 19:49:00,2025-10-17 19:49:30,184,2,2,0.010869565217391304,"['suitcase', 'toilet', 'teddy bear', 'horse', 'person', 'chair']"
2025-10-17 19:50:00,2025-10-17 19:50:30,368,2,2,0.005434782608695652,"['suitcase', 'bed', 'bird', 'umbrella', 'teddy bear', 'laptop', 'knife', 'bowl', 'person', 'couch', 'chair', 'surfboard']"
2025-10-17 19:51:00,2025-10-17 19:51:30,485,2,2,0.004123711340206186,"['banana', 'cup', 'donut', 'remote', 'person', 'frisbee', 'elephant', 'carrot', 'cell phone', 'bed', 'tie', 'dining table', 'bowl', 'cake', 'chair', 'bottle', 'hot dog', 'knife', 'couch']"
2025-10-17 19:52:00,2025-10-17 19:52:30,673,2,2,0.0029717682020802376,"['cup', 'banana', 'donut', 'handbag', 'remote', 'person', 'frisbee', 'suitcase', 'laptop', 'cell phone', 'bed', 'dining table', 'bowl', 'sandwich', 'chair', 'bottle', 'hot dog', 'dog', 'book', 'couch']"
2025-10-17 19:53:00,2025-10-17 19:53:30,432,1,1,0.0023148148148148147,"['bottle', 'orange', 'bed', 'cup', 'donut', 'teddy bear', 'laptop', 'dining table', 'bowl', 'carrot', 'person', 'potted plant', 'couch', 'chair']"
2025-10-17 19:54:00,2025-10-17 19:54:30,517,1,1,0.0019342359767891683,"['bottle', 'broccoli', 'cup', 'laptop', 'dining table', 'bowl', 'remote', 'person', 'couch', 'cell phone', 'chair']"
2025-10-17 19:55:00,2025-10-17 19:55:30,842,2,2,0.0023752969121140144,"['bottle', 'bed', 'cat', 'suitcase', 'cup', 'skateboard', 'dog', 'teddy bear', 'laptop', 'dining table', 'bowl', 'remote', 'snowboard', 'person', 'couch', 'cell phone', 'chair']"
2025-10-17 19:56:00,2025-10-17 19:56:30,1049,1,1,0.0009532888465204957,"['bottle', 'bed', 'cup', 'donut', 'laptop', 'book', 'bowl', 'remote', 'person', 'sink', 'cell phone']"
2025-10-17 19:57:00,2025-10-17 19:57:30,1094,1,1,0.0009140767824497258,"['bottle', 'bed', 'cup', 'handbag', 'bird', 'laptop', 'book', 'knife', 'remote', 'car', 'person', 'cell phone']"
2025-10-17 19:58:00,2025-10-17 19:58:30,1008,1,1,0.000992063492063492,"['bottle', 'suitcase', 'broccoli', 'cup', 'handbag', 'laptop', 'dining table', 'bowl', 'carrot', 'remote', 'person', 'cell phone']"
2025-10-17 19:59:00,2025-10-17 19:59:30,1180,1,1,0.000847457627118644,"['bottle', 'bed', 'cup', 'refrigerator', 'person', 'couch', 'cell phone']"
2025-10-17 20:00:00,2025-10-17 20:00:30,947,1,1,0.0010559662090813093,"['bottle', 'bed', 'wine glass', 'remote', 'person', 'sandwich', 'couch', 'cell phone']"
2025-10-17 20:01:00,2025-10-17 20:01:30,976,1,1,0.0010245901639344263,"['bottle', 'dog', 'laptop', 'remote', 'person', 'wine glass', 'cell phone']"
2025-10-17 20:02:00,2025-10-17 20:02:30,946,1,1,0.0010570824524312897,"['bottle', 'handbag', 'bird', 'remote', 'person', 'cell phone']"
2025-10-17 20:03:00,2025-10-17 20:03:30,1108,1,1,0.0009025270758122744,"['bed', 'cat', 'cup', 'dog', 'bird', 'cake', 'bowl', 'person', 'wine glass', 'cell phone']"
2025-10-17 20:04:00,2025-10-17 20:04:30,733,1,1,0.001364256480218281,"['bed', 'skateboard', 'handbag', 'backpack', 'bowl', 'person', 'cell phone']"
2025-10-17 20:05:00,2025-10-17 20:05:30,686,2,2,0.0029154518950437317,"['skateboard', 'donut', 'handbag', 'teddy bear', 'remote', 'person', 'suitcase', 'laptop', 'cell phone', 'bed', 'bowl', 'wine glass', 'chair', 'bottle', 'dog', 'knife', 'bench', 'couch', 'sink']"
2025-10-17 20:06:00,2025-10-17 20:06:30,612,1,1,0.0016339869281045752,"['bottle', 'suitcase', 'toilet', 'bed', 'handbag', 'teddy bear', 'laptop', 'boat', 'wine glass', 'bowl', 'bench', 'person', 'couch', 'sink', 'cell phone', 'chair']"
2025-10-17 20:07:00,2025-10-17 20:07:30,681,1,1,0.0014684287812041115,"['bottle', 'suitcase', 'bed', 'cup', 'toothbrush', 'bird', 'laptop', 'bowl', 'bench', 'car', 'person', 'couch', 'sink', 'cell phone', 'chair']"
2025-10-17 20:08:00,2025-10-17 20:08:30,674,1,1,0.001483679525222552,"['suitcase', 'bed', 'cup', 'bird', 'laptop', 'bowl', 'remote', 'person', 'sink', 'cell phone', 'chair']"
2025-10-17 20:09:00,2025-10-17 20:09:30,673,1,1,0.0014858841010401188,"['bottle', 'suitcase', 'bed', 'toilet', 'handbag', 'dog', 'laptop', 'bowl', 'person', 'potted plant', 'sink', 'cell phone', 'chair']"
2025-10-17 20:10:00,2025-10-17 20:10:30,631,1,1,0.001584786053882726,"['bed', 'suitcase', 'cup', 'handbag', 'bird', 'dog', 'laptop', 'book', 'teddy bear', 'bowl', 'person', 'potted plant', 'couch', 'sink', 'cell phone', 'chair']"
2025-10-17 20:11:00,2025-10-17 20:11:30,683,1,1,0.0014641288433382138,"['bottle', 'suitcase', 'toilet', 'handbag', 'laptop', 'backpack', 'wine glass', 'bowl', 'remote', 'bench', 'person', 'couch', 'sink', 'cell phone', 'chair']"
2025-10-17 20:12:00,2025-10-17 20:12:30,571,1,1,0.0017513134851138354,"['suitcase', 'bed', 'toilet', 'cup', 'dog', 'laptop', 'backpack', 'dining table', 'bowl', 'person', 'potted plant', 'cell phone', 'chair']"
2025-10-17 20:13:00,2025-10-17 20:13:30,647,1,1,0.0015455950540958269,"['bottle', 'suitcase', 'bed', 'cup', 'laptop', 'backpack', 'dining table', 'bowl', 'remote', 'person', 'cell phone', 'chair']"
2025-10-17 20:14:00,2025-10-17 20:14:30,568,1,1,0.0017605633802816902,"['bottle', 'bed', 'suitcase', 'cup', 'laptop', 'backpack', 'dining table', 'bowl', 'remote', 'person', 'wine glass', 'cell phone', 'chair']"
2025-10-17 20:15:00,2025-10-17 20:15:30,699,1,1,0.001430615164520744,"['bottle', 'suitcase', 'bed', 'cup', 'laptop', 'backpack', 'knife', 'bowl', 'person', 'vase', 'cell phone', 'chair']"
2025-10-17 20:16:00,2025-10-17 20:16:30,740,1,1,0.0013513513513513514,"['bottle', 'suitcase', 'bed', 'handbag', 'laptop', 'backpack', 'cake', 'bowl', 'dining table', 'remote', 'person', 'cell phone', 'chair']"
2025-10-17 20:17:00,2025-10-17 20:17:30,823,1,1,0.001215066828675577,"['bottle', 'suitcase', 'handbag', 'laptop', 'book', 'backpack', 'cake', 'bowl', 'bench', 'person', 'couch', 'cell phone', 'chair']"
2025-10-17 20:18:00,2025-10-17 20:18:30,902,1,1,0.0011086474501108647,"['bottle', 'suitcase', 'bed', 'cup', 'bird', 'dog', 'laptop', 'couch', 'book', 'backpack', 'bowl', 'person', 'wine glass', 'sink', 'cell phone', 'chair']"
2025-10-17 20:19:00,2025-10-17 20:19:30,728,1,1,0.0013736263736263737,"['suitcase', 'laptop', 'remote', 'person', 'cell phone']"
2025-10-17 20:20:00,2025-10-17 20:20:30,831,1,1,0.0012033694344163659,"['suitcase', 'bed', 'umbrella', 'laptop', 'bowl', 'bench', 'person', 'couch', 'cell phone', 'chair']"
2025-10-17 20:21:00,2025-10-17 20:21:30,399,1,1,0.002506265664160401,"['bottle', 'bed', 'suitcase', 'pizza', 'cup', 'umbrella', 'laptop', 'wine glass', 'cake', 'bowl', 'bench', 'person', 'couch', 'cell phone', 'chair', 'surfboard', 'truck']"
2025-10-17 20:22:00,2025-10-17 20:22:30,412,1,1,0.0024271844660194173,"['bed', 'suitcase', 'pizza', 'dog', 'laptop', 'teddy bear', 'couch', 'cake', 'bowl', 'remote', 'person', 'airplane', 'wine glass', 'cell phone', 'chair']"
2025-10-17 20:23:00,2025-10-17 20:23:30,511,1,1,0.0019569471624266144,"['suitcase', 'bed', 'cup', 'handbag', 'dog', 'laptop', 'wine glass', 'cake', 'bowl', 'carrot', 'remote', 'car', 'person', 'couch', 'cell phone', 'chair']"
2025-10-17 20:24:00,2025-10-17 20:24:30,413,1,1,0.002421307506053269,"['suitcase', 'bed', 'cup', 'donut', 'handbag', 'laptop', 'cake', 'bowl', 'baseball bat', 'remote', 'car', 'person', 'couch', 'frisbee', 'cell phone', 'chair']"
2025-10-17 20:25:00,2025-10-17 20:25:30,390,1,1,0.002564102564102564,"['bed', 'suitcase', 'cup', 'remote', 'bench', 'person', 'cell phone', 'chair']"
2025-10-17 20:26:00,2025-10-17 20:26:30,350,1,1,0.002857142857142857,"['bed', 'suitcase', 'handbag', 'laptop', 'remote', 'bench', 'person', 'couch', 'cell phone', 'chair']"
2025-10-17 20:27:00,2025-10-17 20:27:30,355,1,1,0.0028169014084507044,"['bed', 'suitcase', 'handbag', 'remote', 'bench', 'person', 'cell phone', 'chair']"
2025-10-17 20:28:00,2025-10-17 20:28:30,340,1,1,0.0029411764705882353,"['bed', 'suitcase', 'handbag', 'remote', 'person', 'cell phone', 'chair']"
2025-10-17 20:29:00,2025-10-17 20:29:30,342,1,1,0.0029239766081871343,"['suitcase', 'bed', 'handbag', 'remote', 'person', 'cell phone', 'chair']"
2025-10-17 20:30:00,2025-10-17 20:30:30,340,1,1,0.0029411764705882353,"['bed', 'suitcase', 'handbag', 'remote', 'person', 'couch', 'cell phone', 'chair']"
2025-10-17 20:31:00,2025-10-17 20:31:30,349,1,1,0.0028653295128939827,"['bed', 'suitcase', 'handbag', 'remote', 'person', 'couch', 'cell phone', 'chair']"
2025-10-17 20:32:00,2025-10-17 20:32:30,344,1,1,0.0029069767441860465,"['bed', 'suitcase', 'handbag', 'remote', 'person', 'cell phone', 'chair']"
2025-10-17 20:33:00,2025-10-17 20:33:30,361,1,1,0.002770083102493075,"['bed', 'suitcase', 'handbag', 'person', 'cell phone', 'chair']"
2025-10-17 20:34:00,2025-10-17 20:34:30,344,1,1,0.0029069767441860465,"['suitcase', 'bed', 'handbag', 'person', 'couch', 'cell phone', 'chair']"
2025-10-17 20:35:00,2025-10-17 20:35:30,348,1,1,0.0028735632183908046,"['bed', 'suitcase', 'handbag', 'remote', 'person', 'couch', 'cell phone', 'chair']"
2025-10-17 20:36:00,2025-10-17 20:36:30,348,1,1,0.0028735632183908046,"['bed', 'suitcase', 'handbag', 'remote', 'person', 'couch', 'cell phone', 'chair']"
2025-10-17 20:37:00,2025-10-17 20:37:30,388,1,1,0.002577319587628866,"['bed', 'suitcase', 'handbag', 'remote', 'person', 'couch', 'cell phone', 'chair']"
2025-10-17 20:38:00,2025-10-17 20:38:30,345,1,1,0.002898550724637681,"['suitcase', 'bed', 'cup', 'handbag', 'donut', 'book', 'backpack', 'wine glass', 'remote', 'bench', 'person', 'couch', 'cell phone', 'chair']"
2025-10-17 20:39:00,2025-10-17 20:39:30,377,1,1,0.002652519893899204,"['bed', 'suitcase', 'cat', 'donut', 'dog', 'laptop', 'cake', 'remote', 'horse', 'person', 'couch', 'cell phone', 'chair', 'surfboard']"
2025-10-17 20:40:00,2025-10-17 20:40:30,341,1,1,0.002932551319648094,"['suitcase', 'cat', 'bed', 'remote', 'bench', 'person', 'couch', 'cell phone', 'chair']"
2025-10-17 20:41:00,2025-10-17 20:41:30,341,1,1,0.002932551319648094,"['suitcase', 'bed', 'dog', 'teddy bear', 'bench', 'person', 'couch', 'cell phone', 'chair']"
2025-10-17 20:42:00,2025-10-17 20:42:30,340,1,1,0.0029411764705882353,"['bed', 'suitcase', 'dog', 'person', 'couch', 'cell phone', 'chair']"
2025-10-17 20:43:00,2025-10-17 20:43:30,341,1,1,0.002932551319648094,"['bed', 'suitcase', 'handbag', 'dog', 'bench', 'person', 'couch', 'cell phone', 'chair']"
2025-10-17 20:44:00,2025-10-17 20:44:30,393,1,1,0.002544529262086514,"['bed', 'suitcase', 'cup', 'dog', 'bird', 'person', 'couch', 'frisbee', 'cell phone', 'chair']"
2025-10-17 20:45:00,2025-10-17 20:45:30,247,1,1,0.004048582995951417,"['suitcase', 'bed', 'cat', 'teddy bear', 'remote', 'person', 'couch', 'cell phone', 'chair']"
2025-10-17 20:46:00,2025-10-17 20:46:30,165,1,1,0.006060606060606061,"['bed', 'suitcase', 'person', 'couch', 'chair']"
2025-10-17 20:47:00,2025-10-17 20:47:30,142,1,1,0.007042253521126761,"['bed', 'chair', 'couch']"
2025-10-17 20:48:00,2025-10-17 20:48:30,116,1,1,0.008620689655172414,"['bed', 'couch', 'suitcase', 'chair']"
2025-10-17 20:49:00,2025-10-17 20:49:30,99,1,1,0.010101010101010102,"['bed', 'suitcase', 'chair', 'couch']"
2025-10-17 20:50:00,2025-10-17 20:50:30,108,1,1,0.009259259259259259,"['bed', 'couch', 'suitcase', 'chair']"
2025-10-17 20:51:00,2025-10-17 20:51:30,107,1,1,0.009345794392523364,"['bed', 'suitcase', 'chair', 'couch']"
2025-10-17 20:52:00,2025-10-17 20:52:30,103,1,1,0.009708737864077669,"['bed', 'chair', 'couch']"
2025-10-17 20:53:00,2025-10-17 20:53:30,119,1,1,0.008403361344537815,"['bed', 'suitcase', 'handbag', 'dog', 'person', 'couch', 'cell phone', 'chair']"
2025-10-17 20:54:00,2025-10-17 20:54:30,171,1,1,0.005847953216374269,"['bed', 'suitcase', 'bench', 'person', 'couch', 'cell phone', 'chair']"
2025-10-17 20:55:00,2025-10-17 20:55:30,160,1,1,0.00625,"['bed', 'suitcase', 'dog', 'snowboard', 'bench', 'person', 'cell phone', 'chair']"
2025-10-17 20:56:00,2025-10-17 20:56:30,99,1,1,0.010101010101010102,"['person', 'bed', 'suitcase', 'chair']"
2025-10-17 20:57:00,2025-10-17 20:57:30,24,1,1,0.041666666666666664,"['bed', 'suitcase', 'chair']"
2025-10-17 20:58:00,2025-10-17 20:58:30,20,1,1,0.05,"['bed', 'suitcase', 'chair']"
2025-10-17 20:59:00,2025-10-17 20:59:30,16,1,1,0.0625,"['bed', 'suitcase', 'chair']"
2025-10-17 21:00:00,2025-10-17 21:00:30,40,1,1,0.025,"['bed', 'suitcase', 'teddy bear', 'person', 'chair']"
2025-10-17 21:01:00,2025-10-17 21:01:30,115,1,1,0.008695652173913044,"['bed', 'suitcase', 'remote', 'bench', 'person', 'couch', 'chair', 'surfboard']"
2025-10-17 21:02:00,2025-10-17 21:02:30,288,1,1,0.003472222222222222,"['suitcase', 'bed', 'handbag', 'teddy bear', 'backpack', 'remote', 'bench', 'person', 'couch', 'chair']"
2025-10-17 21:03:00,2025-10-17 21:03:30,139,2,2,0.014388489208633094,"['orange', 'suitcase', 'bed', 'bird', 'sports ball', 'laptop', 'baseball glove', 'bench', 'remote', 'person', 'cell phone', 'chair']"
2025-10-17 21:05:00,2025-10-17 21:05:30,315,1,1,0.0031746031746031746,"['bed', 'suitcase', 'handbag', 'bench', 'person', 'couch', 'cell phone', 'chair']"
2025-10-17 21:06:00,2025-10-17 21:06:30,303,1,1,0.0033003300330033004,"['bed', 'suitcase', 'person', 'cell phone', 'chair']"
2025-10-17 21:07:00,2025-10-17 21:07:30,302,1,1,0.0033112582781456954,"['bed', 'suitcase', 'handbag', 'remote', 'person', 'cell phone']"
2025-10-17 21:08:00,2025-10-17 21:08:30,371,1,1,0.0026954177897574125,"['bed', 'suitcase', 'dog', 'remote', 'person', 'cell phone']"
2025-10-17 21:09:00,2025-10-17 21:09:30,236,1,1,0.00423728813559322,"['bed', 'suitcase', 'handbag', 'remote', 'bench', 'person', 'cell phone']"
2025-10-17 21:10:00,2025-10-17 21:10:30,262,1,1,0.003816793893129771,"['bed', 'suitcase', 'handbag', 'dog', 'remote', 'person', 'cell phone']"
2025-10-17 21:11:00,2025-10-17 21:11:30,293,1,1,0.0034129692832764505,"['bed', 'suitcase', 'handbag', 'person', 'chair']"
2025-10-17 21:12:00,2025-10-17 21:12:30,295,2,2,0.006779661016949152,"['bed', 'suitcase', 'handbag', 'dog', 'remote', 'person', 'cell phone']"
2025-10-17 21:13:00,2025-10-17 21:13:30,123,1,1,0.008130081300813009,"['bed', 'suitcase', 'handbag', 'person', 'chair']"
2025-10-18 08:58:00,2025-10-18 08:58:30,33,1,1,0.030303030303030304,"['bottle', 'donut', 'bird', 'remote', 'person', 'wine glass']"
2025-10-18 08:59:00,2025-10-18 08:59:30,360,2,2,0.005555555555555556,"['bottle', 'orange', 'toilet', 'pizza', 'toothbrush', 'donut', 'handbag', 'dog', 'sports ball', 'remote', 'person', 'wine glass', 'cell phone', 'chair']"
2025-10-18 09:00:00,2025-10-18 09:00:30,454,1,1,0.0022026431718061676,"['bottle', 'handbag', 'remote', 'person', 'cell phone', 'chair']"
2025-10-18 09:01:00,2025-10-18 09:01:30,441,1,1,0.0022675736961451248,"['orange', 'donut', 'remote', 'person', 'cell phone', 'chair']"
2025-10-18 09:02:00,2025-10-18 09:02:30,438,2,2,0.0045662100456621,"['bottle', 'orange', 'kite', 'toilet', 'banana', 'toothbrush', 'tennis racket', 'donut', 'sports ball', 'remote', 'person', 'frisbee', 'cell phone', 'chair']"
2025-10-18 09:03:00,2025-10-18 09:03:30,348,1,1,0.0028735632183908046,"['orange', 'banana', 'donut', 'hot dog', 'apple', 'remote', 'person', 'frisbee', 'cell phone', 'chair']"
2025-10-18 09:04:00,2025-10-18 09:04:30,284,1,1,0.0035211267605633804,"['orange', 'donut', 'hot dog', 'apple', 'remote', 'person', 'chair']"
2025-10-18 09:05:00,2025-10-18 09:05:30,182,1,1,0.005494505494505495,"['person', 'donut', 'chair']"
2025-10-18 12:17:00,2025-10-18 12:17:30,14,2,2,0.14285714285714285,"['person', 'couch', 'chair']"
2025-10-18 22:07:00,2025-10-18 22:07:30,174,1,1,0.005747126436781609,"['person', 'chair', 'tie']"
2025-10-18 22:08:00,2025-10-18 22:08:30,352,1,1,0.002840909090909091,"['bottle', 'vase', 'suitcase', 'bed', 'toothbrush', 'handbag', 'bird', 'book', 'tie', 'couch', 'remote', 'baseball glove', 'person', 'pizza', 'frisbee', 'cell phone', 'chair']"
2025-10-18 22:09:00,2025-10-18 22:09:30,346,1,1,0.002890173410404624,"['bottle', 'suitcase', 'handbag', 'donut', 'wine glass', 'remote', 'person', 'couch', 'cell phone']"
2025-10-18 22:10:00,2025-10-18 22:10:30,346,1,1,0.002890173410404624,"['bottle', 'suitcase', 'handbag', 'donut', 'car', 'person', 'wine glass', 'cell phone']"
2025-10-18 22:11:00,2025-10-18 22:11:30,332,1,1,0.0030120481927710845,"['bottle', 'suitcase', 'bed', 'handbag', 'donut', 'remote', 'car', 'person', 'couch']"
2025-10-18 22:12:00,2025-10-18 22:12:30,327,1,1,0.0030581039755351682,"['bottle', 'suitcase', 'handbag', 'remote', 'car', 'person']"
2025-10-18 22:13:00,2025-10-18 22:13:30,325,1,1,0.003076923076923077,"['bottle', 'suitcase', 'handbag', 'car', 'person']"
2025-10-18 22:14:00,2025-10-18 22:14:30,307,1,1,0.003257328990228013,"['suitcase', 'bed', 'pizza', 'handbag', 'wine glass', 'remote', 'person', 'couch', 'frisbee', 'cell phone']"
2025-10-18 22:15:00,2025-10-18 22:15:30,325,1,1,0.003076923076923077,"['bed', 'suitcase', 'tennis racket', 'handbag', 'person', 'cell phone']"
2025-10-18 22:16:00,2025-10-18 22:16:30,327,1,1,0.0030581039755351682,"['person', 'handbag', 'suitcase', 'car']"
2025-10-18 22:17:00,2025-10-18 22:17:30,325,1,1,0.003076923076923077,"['person', 'handbag', 'suitcase', 'bed']"
2025-10-18 22:18:00,2025-10-18 22:18:30,329,1,1,0.00303951367781155,"['suitcase', 'bed', 'handbag', 'person', 'couch']"
2025-10-18 22:19:00,2025-10-18 22:19:30,326,1,1,0.003067484662576687,"['suitcase', 'bed', 'handbag', 'car', 'person']"
2025-10-18 22:20:00,2025-10-18 22:20:30,327,1,1,0.0030581039755351682,"['person', 'handbag', 'suitcase', 'car']"
2025-10-18 22:21:00,2025-10-18 22:21:30,327,1,1,0.0030581039755351682,"['suitcase', 'bed', 'handbag', 'car', 'person']"
2025-10-18 22:22:00,2025-10-18 22:22:30,426,2,2,0.004694835680751174,"['bottle', 'suitcase', 'handbag', 'car', 'person', 'pizza', 'cell phone']"
2025-10-18 22:23:00,2025-10-18 22:23:30,625,1,1,0.0016,"['suitcase', 'bed', 'handbag', 'tie', 'person', 'couch', 'cell phone']"
2025-10-18 22:24:00,2025-10-18 22:24:30,164,1,1,0.006097560975609756,"['bottle', 'suitcase', 'bed', 'pizza', 'handbag', 'hot dog', 'person', 'couch']"
2025-10-18 22:25:00,2025-10-18 22:25:30,80,2,2,0.025,"['suitcase', 'handbag', 'clock', 'carrot', 'person', 'chair']"
2025-10-18 22:26:00,2025-10-18 22:26:30,4,1,0,0.0,[]
2025-10-18 22:28:00,2025-10-18 22:28:30,7,1,1,0.14285714285714285,['person']
2025-10-18 22:37:00,2025-10-18 22:37:30,12,1,1,0.08333333333333333,['chair']
2025-10-18 22:38:00,2025-10-18 22:38:30,43,1,1,0.023255813953488372,"['suitcase', 'chair']"
2025-10-18 22:39:00,2025-10-18 22:39:30,63,1,1,0.015873015873015872,"['suitcase', 'chair']"
2025-10-18 22:40:00,2025-10-18 22:40:30,63,1,1,0.015873015873015872,"['suitcase', 'chair']"
2025-10-18 22:41:00,2025-10-18 22:41:30,163,2,2,0.012269938650306749,"['suitcase', 'skateboard', 'handbag', 'teddy bear', 'tie', 'carrot', 'person', 'cell phone', 'chair']"
2025-10-18 22:42:00,2025-10-18 22:42:30,345,1,1,0.002898550724637681,"['suitcase', 'handbag', 'tie', 'person', 'cell phone', 'chair']"
2025-10-18 22:43:00,2025-10-18 22:43:30,358,1,1,0.002793296089385475,"['suitcase', 'tennis racket', 'handbag', 'giraffe', 'bird', 'dog', 'laptop', 'tie', 'remote', 'person', 'pizza', 'cell phone', 'chair']"
2025-10-18 22:44:00,2025-10-18 22:44:30,392,1,1,0.002551020408163265,"['person', 'handbag', 'suitcase', 'chair']"
2025-10-18 22:45:00,2025-10-18 22:45:30,375,1,1,0.0026666666666666666,"['person', 'suitcase', 'chair']"
2025-10-18 22:46:00,2025-10-18 22:46:30,374,1,1,0.00267379679144385,"['person', 'handbag', 'suitcase', 'chair']"
2025-10-18 22:47:00,2025-10-18 22:47:30,345,1,1,0.002898550724637681,"['person', 'suitcase', 'chair']"
2025-10-18 22:48:00,2025-10-18 22:48:30,343,1,1,0.0029154518950437317,"['person', 'suitcase', 'chair']"
2025-10-18 22:49:00,2025-10-18 22:49:30,324,1,1,0.0030864197530864196,"['person', 'suitcase', 'cell phone', 'chair']"
2025-10-18 22:50:00,2025-10-18 22:50:30,376,1,1,0.0026595744680851063,"['person', 'suitcase', 'chair', 'remote']"
2025-10-18 22:51:00,2025-10-18 22:51:30,346,1,1,0.002890173410404624,"['suitcase', 'handbag', 'person', 'pizza', 'chair']"
2025-10-18 22:52:00,2025-10-18 22:52:30,339,1,1,0.0029498525073746312,"['person', 'suitcase', 'chair']"
2025-10-18 22:53:00,2025-10-18 22:53:30,356,1,1,0.0028089887640449437,"['person', 'handbag', 'suitcase', 'chair']"
2025-10-18 22:54:00,2025-10-18 22:54:30,382,1,1,0.002617801047120419,"['person', 'suitcase', 'chair']"
2025-10-18 22:55:00,2025-10-18 22:55:30,326,1,1,0.003067484662576687,"['person', 'suitcase', 'chair']"
2025-10-18 22:56:00,2025-10-18 22:56:30,333,1,1,0.003003003003003003,"['person', 'suitcase', 'chair']"
2025-10-18 22:57:00,2025-10-18 22:57:30,331,1,1,0.0030211480362537764,"['person', 'suitcase', 'chair']"
2025-10-18 22:58:00,2025-10-18 22:58:30,355,1,1,0.0028169014084507044,"['person', 'handbag', 'suitcase', 'chair']"
2025-10-18 22:59:00,2025-10-18 22:59:30,339,1,1,0.0029498525073746312,"['person', 'handbag', 'suitcase', 'chair']"
2025-10-18 23:00:00,2025-10-18 23:00:30,351,1,1,0.002849002849002849,"['person', 'handbag', 'suitcase', 'chair']"
2025-10-18 23:01:00,2025-10-18 23:01:30,67,1,1,0.014925373134328358,"['suitcase', 'handbag', 'remote', 'person', 'cell phone', 'chair']"
2025-10-18 23:02:00,2025-10-18 23:02:30,57,2,2,0.03508771929824561,"['suitcase', 'cup', 'handbag', 'teddy bear', 'tie', 'carrot', 'person', 'wine glass', 'chair']"
2025-10-18 23:11:00,2025-10-18 23:11:30,58,2,2,0.034482758620689655,"['suitcase', 'handbag', 'carrot', 'remote', 'person', 'chair']"
2025-10-18 23:12:00,2025-10-18 23:12:30,117,2,2,0.017094017094017096,"['suitcase', 'toilet', 'hot dog', 'bird', 'carrot', 'person', 'chair']"
2025-10-18 23:13:00,2025-10-18 23:13:30,266,2,2,0.007518796992481203,"['bed', 'cat', 'toilet', 'kite', 'suitcase', 'donut', 'dog', 'bird', 'umbrella', 'knife', 'carrot', 'snowboard', 'person', 'couch', 'chair']"
2025-10-18 23:14:00,2025-10-18 23:14:30,556,1,1,0.0017985611510791368,"['kite', 'cup', 'toothbrush', 'umbrella', 'teddy bear', 'person', 'cell phone', 'chair']"
2025-10-18 23:15:00,2025-10-18 23:15:30,270,1,1,0.003703703703703704,"['book', 'remote', 'person', 'chair', 'toothbrush']"
2025-10-18 23:16:00,2025-10-18 23:16:30,283,1,1,0.0035335689045936395,"['person', 'couch', 'chair']"
2025-10-18 23:17:00,2025-10-18 23:17:30,225,1,1,0.0044444444444444444,"['bed', 'toilet', 'tie', 'remote', 'person', 'couch', 'chair', 'toothbrush']"
2025-10-18 23:18:00,2025-10-18 23:18:30,233,1,1,0.004291845493562232,"['bottle', 'bed', 'remote', 'person', 'couch']"
2025-10-18 23:19:00,2025-10-18 23:19:30,230,1,1,0.004347826086956522,"['person', 'bed', 'laptop', 'tie']"
2025-10-18 23:20:00,2025-10-18 23:20:30,229,1,1,0.004366812227074236,"['bed', 'remote', 'person', 'couch', 'cell phone']"
2025-10-18 23:21:00,2025-10-18 23:21:30,221,1,1,0.004524886877828055,['person']
2025-10-18 23:22:00,2025-10-18 23:22:30,227,1,1,0.004405286343612335,"['person', 'bed']"
2025-10-18 23:23:00,2025-10-18 23:23:30,228,1,1,0.0043859649122807015,"['person', 'bed', 'laptop']"
2025-10-18 23:24:00,2025-10-18 23:24:30,222,1,1,0.0045045045045045045,"['person', 'bed', 'cell phone']"
2025-10-18 23:25:00,2025-10-18 23:25:30,218,1,1,0.0045871559633027525,"['person', 'bed', 'chair']"
2025-10-18 23:26:00,2025-10-18 23:26:30,225,1,1,0.0044444444444444444,"['bed', 'laptop', 'remote', 'person', 'chair']"
2025-10-18 23:27:00,2025-10-18 23:27:30,220,1,1,0.004545454545454545,"['person', 'bottle', 'chair', 'tie']"
2025-10-18 23:28:00,2025-10-18 23:28:30,208,1,1,0.004807692307692308,"['bed', 'remote', 'person', 'couch', 'chair']"
2025-10-18 23:29:00,2025-10-18 23:29:30,200,1,1,0.005,"['bottle', 'suitcase', 'bed', 'person', 'couch', 'chair']"
2025-10-18 23:30:00,2025-10-18 23:30:30,209,1,1,0.004784688995215311,"['handbag', 'remote', 'person', 'couch', 'cell phone', 'chair']"
2025-10-18 23:31:00,2025-10-18 23:31:30,209,1,1,0.004784688995215311,"['remote', 'person', 'couch', 'cell phone', 'chair']"
2025-10-18 23:32:00,2025-10-18 23:32:30,209,1,1,0.004784688995215311,"['person', 'couch', 'chair']"
2025-10-18 23:33:00,2025-10-18 23:33:30,211,1,1,0.004739336492890996,"['bottle', 'handbag', 'teddy bear', 'tie', 'remote', 'person', 'couch', 'chair']"
2025-10-18 23:34:00,2025-10-18 23:34:30,220,1,1,0.004545454545454545,"['bottle', 'remote', 'person', 'couch', 'chair']"
2025-10-18 23:35:00,2025-10-18 23:35:30,215,1,1,0.004651162790697674,"['bottle', 'book', 'remote', 'person', 'couch', 'chair']"
2025-10-18 23:36:00,2025-10-18 23:36:30,209,1,1,0.004784688995215311,"['bottle', 'remote', 'person', 'couch', 'chair']"
2025-10-18 23:37:00,2025-10-18 23:37:30,207,1,1,0.004830917874396135,"['bottle', 'teddy bear', 'remote', 'person', 'couch', 'chair']"
2025-10-18 23:38:00,2025-10-18 23:38:30,222,1,1,0.0045045045045045045,"['bottle', 'bed', 'cup', 'tie', 'remote', 'person', 'couch', 'chair']"
2025-10-18 23:39:00,2025-10-18 23:39:30,216,1,1,0.004629629629629629,"['bed', 'laptop', 'teddy bear', 'remote', 'person', 'couch']"
2025-10-18 23:40:00,2025-10-18 23:40:30,222,1,1,0.0045045045045045045,"['bed', 'tie', 'remote', 'person', 'couch']"
2025-10-18 23:41:00,2025-10-18 23:41:30,223,1,1,0.004484304932735426,"['person', 'couch', 'remote', 'surfboard']"
2025-10-18 23:42:00,2025-10-18 23:42:30,383,2,2,0.005221932114882507,"['bottle', 'hot dog', 'remote', 'person', 'couch', 'frisbee', 'chair']"
2025-10-18 23:43:00,2025-10-18 23:43:30,240,1,1,0.004166666666666667,"['person', 'couch', 'chair', 'toothbrush']"
2025-10-18 23:44:00,2025-10-18 23:44:30,216,1,1,0.004629629629629629,"['toothbrush', 'remote', 'person', 'couch', 'cell phone', 'chair', 'surfboard']"
2025-10-18 23:45:00,2025-10-18 23:45:30,200,1,1,0.005,['person']
2025-10-18 23:46:00,2025-10-18 23:46:30,251,1,1,0.00398406374501992,"['bottle', 'tie', 'remote', 'person', 'couch', 'chair']"
2025-10-18 23:47:00,2025-10-18 23:47:30,382,2,2,0.005235602094240838,"['bottle', 'cup', 'cake', 'remote', 'person', 'cell phone', 'chair']"
2025-10-18 23:48:00,2025-10-18 23:48:30,309,2,2,0.006472491909385114,"['bottle', 'donut', 'wine glass', 'carrot', 'remote', 'person', 'couch', 'chair']"
2025-10-18 23:49:00,2025-10-18 23:49:30,743,1,1,0.0013458950201884253,"['book', 'remote', 'person', 'couch', 'cell phone', 'chair']"
2025-10-18 23:50:00,2025-10-18 23:50:30,714,1,1,0.0014005602240896359,"['cup', 'book', 'remote', 'person', 'cell phone', 'chair']"
2025-10-18 23:51:00,2025-10-18 23:51:30,594,1,1,0.0016835016835016834,"['person', 'cell phone']"
2025-10-18 23:52:00,2025-10-18 23:52:30,471,1,1,0.0021231422505307855,"['person', 'cell phone']"
2025-10-18 23:53:00,2025-10-18 23:53:30,597,1,1,0.0016750418760469012,"['person', 'cell phone']"
2025-10-18 23:54:00,2025-10-18 23:54:30,606,1,1,0.0016501650165016502,"['person', 'cell phone']"
2025-10-18 23:55:00,2025-10-18 23:55:30,340,1,1,0.0029411764705882353,"['person', 'hot dog', 'cell phone']"
2025-10-18 23:56:00,2025-10-18 23:56:30,364,1,1,0.0027472527472527475,"['person', 'bottle', 'cell phone']"
2025-10-18 23:57:00,2025-10-18 23:57:30,390,1,1,0.002564102564102564,"['person', 'cell phone']"
2025-10-18 23:58:00,2025-10-18 23:58:30,708,1,1,0.0014124293785310734,"['person', 'cell phone', 'remote']"
2025-10-18 23:59:00,2025-10-18 23:59:30,747,1,1,0.0013386880856760374,"['person', 'cell phone']"
2025-10-19 00:00:00,2025-10-19 00:00:30,719,1,1,0.0013908205841446453,"['person', 'cell phone']"
2025-10-19 00:01:00,2025-10-19 00:01:30,803,1,1,0.0012453300124533001,"['person', 'cell phone']"
2025-10-19 00:02:00,2025-10-19 00:02:30,592,1,1,0.0016891891891891893,"['person', 'cell phone']"
2025-10-19 00:03:00,2025-10-19 00:03:30,657,1,1,0.0015220700152207,"['person', 'cell phone', 'chair']"
2025-10-19 00:04:00,2025-10-19 00:04:30,645,1,1,0.0015503875968992248,"['person', 'cell phone']"
2025-10-19 00:05:00,2025-10-19 00:05:30,620,1,1,0.0016129032258064516,"['person', 'cell phone']"
2025-10-19 00:06:00,2025-10-19 00:06:30,592,1,1,0.0016891891891891893,"['person', 'cell phone']"
2025-10-19 00:07:00,2025-10-19 00:07:30,620,1,1,0.0016129032258064516,"['suitcase', 'remote', 'person', 'cell phone', 'chair']"
2025-10-19 00:08:00,2025-10-19 00:08:30,587,1,1,0.0017035775127768314,"['person', 'cell phone']"
2025-10-19 00:09:00,2025-10-19 00:09:30,627,1,1,0.001594896331738437,"['person', 'cell phone']"
2025-10-19 00:10:00,2025-10-19 00:10:30,761,1,1,0.001314060446780552,"['person', 'cell phone']"
2025-10-19 00:11:00,2025-10-19 00:11:30,512,1,1,0.001953125,"['person', 'cell phone']"
2025-10-19 00:12:00,2025-10-19 00:12:30,313,1,1,0.003194888178913738,"['person', 'suitcase', 'cell phone']"
2025-10-19 00:13:00,2025-10-19 00:13:30,305,1,1,0.003278688524590164,"['person', 'suitcase', 'cell phone']"
2025-10-19 00:14:00,2025-10-19 00:14:30,310,1,1,0.0032258064516129032,"['person', 'suitcase', 'cell phone']"
2025-10-19 00:15:00,2025-10-19 00:15:30,482,1,1,0.002074688796680498,"['bottle', 'remote', 'person', 'cell phone', 'toothbrush']"
2025-10-19 00:16:00,2025-10-19 00:16:30,351,1,1,0.002849002849002849,"['bird', 'remote', 'person', 'cell phone', 'toothbrush']"
2025-10-19 00:17:00,2025-10-19 00:17:30,311,1,1,0.003215434083601286,"['bottle', 'bird', 'remote', 'person', 'cell phone', 'chair']"
2025-10-19 00:18:00,2025-10-19 00:18:30,308,1,1,0.003246753246753247,"['person', 'cell phone', 'remote', 'toothbrush']"
2025-10-19 00:19:00,2025-10-19 00:19:30,399,1,1,0.002506265664160401,"['person', 'couch', 'cell phone', 'remote']"
2025-10-19 00:20:00,2025-10-19 00:20:30,626,1,1,0.001597444089456869,"['person', 'cell phone', 'toothbrush']"
2025-10-19 00:21:00,2025-10-19 00:21:30,588,1,1,0.0017006802721088435,"['person', 'couch', 'bottle', 'cell phone']"
2025-10-19 00:22:00,2025-10-19 00:22:30,610,1,1,0.001639344262295082,"['person', 'couch', 'cell phone', 'remote']"
2025-10-19 00:23:00,2025-10-19 00:23:30,632,1,1,0.0015822784810126582,"['bottle', 'cat', 'toilet', 'person', 'cell phone']"
2025-10-19 00:24:00,2025-10-19 00:24:30,531,2,2,0.003766478342749529,"['toilet', 'donut', 'dog', 'tie', 'remote', 'person', 'cell phone', 'chair']"
2025-10-19 00:25:00,2025-10-19 00:25:30,308,1,1,0.003246753246753247,"['bed', 'cup', 'dog', 'bird', 'laptop', 'cake', 'remote', 'person', 'sandwich', 'cell phone', 'chair']"
2025-10-19 00:26:00,2025-10-19 00:26:30,375,1,1,0.0026666666666666666,"['bed', 'cup', 'hot dog', 'person', 'cell phone']"
2025-10-19 00:27:00,2025-10-19 00:27:30,377,1,1,0.002652519893899204,"['person', 'bed', 'cell phone', 'couch']"
2025-10-19 00:28:00,2025-10-19 00:28:30,341,1,1,0.002932551319648094,"['person', 'bed', 'cell phone']"
2025-10-19 00:29:00,2025-10-19 00:29:30,374,1,1,0.00267379679144385,"['person', 'bed']"
2025-10-19 00:30:00,2025-10-19 00:30:30,366,1,1,0.00273224043715847,"['person', 'bed']"
2025-10-19 00:31:00,2025-10-19 00:31:30,362,1,1,0.0027624309392265192,"['person', 'bed']"
2025-10-19 00:32:00,2025-10-19 00:32:30,355,1,1,0.0028169014084507044,"['person', 'bed']"
2025-10-19 00:33:00,2025-10-19 00:33:30,340,1,1,0.0029411764705882353,"['person', 'bed']"
2025-10-19 00:34:00,2025-10-19 00:34:30,352,1,1,0.002840909090909091,"['person', 'bed']"
2025-10-19 00:35:00,2025-10-19 00:35:30,357,1,1,0.0028011204481792717,"['person', 'bed']"
2025-10-19 00:36:00,2025-10-19 00:36:30,381,1,1,0.0026246719160104987,"['person', 'bed']"
2025-10-19 00:37:00,2025-10-19 00:37:30,350,1,1,0.002857142857142857,"['person', 'bed']"
2025-10-19 00:38:00,2025-10-19 00:38:30,343,1,1,0.0029154518950437317,"['person', 'bed', 'cell phone', 'couch']"
2025-10-19 00:39:00,2025-10-19 00:39:30,320,1,1,0.003125,"['person', 'bed', 'cell phone', 'couch']"
2025-10-19 00:40:00,2025-10-19 00:40:30,327,1,1,0.0030581039755351682,"['person', 'bed', 'cell phone']"
2025-10-19 00:41:00,2025-10-19 00:41:30,323,1,1,0.0030959752321981426,"['person', 'bed', 'chair']"
2025-10-19 00:42:00,2025-10-19 00:42:30,337,1,1,0.002967359050445104,"['person', 'bed']"
2025-10-19 00:43:00,2025-10-19 00:43:30,336,1,1,0.002976190476190476,"['bed', 'couch', 'person', 'wine glass', 'cell phone']"
2025-10-19 00:44:00,2025-10-19 00:44:30,306,1,1,0.0032679738562091504,"['person', 'bed', 'cell phone']"
2025-10-19 00:45:00,2025-10-19 00:45:30,335,1,1,0.0029850746268656717,"['person', 'bed', 'cell phone']"
2025-10-19 00:46:00,2025-10-19 00:46:30,318,1,1,0.0031446540880503146,"['person', 'bed', 'cell phone', 'book']"
2025-10-19 00:47:00,2025-10-19 00:47:30,294,1,1,0.003401360544217687,"['person', 'bed', 'cell phone']"
2025-10-19 00:48:00,2025-10-19 00:48:30,374,1,1,0.00267379679144385,"['bed', 'toilet', 'bird', 'person', 'cell phone']"
2025-10-19 00:49:00,2025-10-19 00:49:30,459,1,1,0.002178649237472767,"['person', 'cell phone']"
2025-10-19 09:10:00,2025-10-19 09:10:30,241,1,1,0.004149377593360996,"['bottle', 'skateboard', 'donut', 'person', 'chair']"
2025-10-19 09:11:00,2025-10-19 09:11:30,349,1,1,0.0028653295128939827,"['bottle', 'bird', 'sports ball', 'remote', 'person', 'wine glass', 'frisbee', 'chair']"
2025-10-19 09:12:00,2025-10-19 09:12:30,342,1,1,0.0029239766081871343,"['person', 'bottle']"
2025-10-19 09:13:00,2025-10-19 09:13:30,294,1,1,0.003401360544217687,"['person', 'hot dog', 'bottle', 'chair']"
2025-10-19 09:14:00,2025-10-19 09:14:30,294,1,1,0.003401360544217687,"['tie', 'person', 'couch', 'cell phone', 'chair']"
2025-10-19 09:15:00,2025-10-19 09:15:30,271,1,1,0.0036900369003690036,"['person', 'cell phone']"
2025-10-19 09:16:00,2025-10-19 09:16:30,324,1,1,0.0030864197530864196,"['person', 'wine glass']"
2025-10-19 09:17:00,2025-10-19 09:17:30,317,1,1,0.0031545741324921135,['person']
2025-10-19 09:18:00,2025-10-19 09:18:30,307,1,1,0.003257328990228013,"['person', 'cell phone', 'chair', 'toothbrush']"
2025-10-19 09:19:00,2025-10-19 09:19:30,301,1,1,0.0033222591362126247,"['person', 'cell phone', 'chair', 'toothbrush']"
2025-10-19 09:20:00,2025-10-19 09:20:30,297,2,2,0.006734006734006734,"['person', 'donut', 'chair', 'tie']"
2025-10-19 09:21:00,2025-10-19 09:21:30,55,1,1,0.01818181818181818,['person']
2025-10-19 21:42:00,2025-10-19 21:42:30,119,1,1,0.008403361344537815,['person']
2025-10-19 21:43:00,2025-10-19 21:43:30,203,1,1,0.0049261083743842365,['person']
2025-10-19 21:44:00,2025-10-19 21:44:30,200,1,1,0.005,['person']
2025-10-19 21:45:00,2025-10-19 21:45:30,214,1,1,0.004672897196261682,"['person', 'chair']"
2025-10-19 21:46:00,2025-10-19 21:46:30,201,1,1,0.004975124378109453,"['person', 'cup', 'chair', 'tie']"
2025-10-19 21:47:00,2025-10-19 21:47:30,119,1,1,0.008403361344537815,['person']
2025-10-20 21:41:00,2025-10-20 21:41:30,371,1,1,0.0026954177897574125,"['person', 'cell phone']"
2025-10-20 21:42:00,2025-10-20 21:42:30,424,1,1,0.0023584905660377358,"['person', 'cell phone']"
2025-10-20 21:43:00,2025-10-20 21:43:30,418,1,1,0.0023923444976076554,"['person', 'cell phone']"
2025-10-20 21:44:00,2025-10-20 21:44:30,428,1,1,0.002336448598130841,"['person', 'cell phone']"
2025-10-20 21:45:00,2025-10-20 21:45:30,418,1,1,0.0023923444976076554,"['person', 'cell phone', 'chair', 'surfboard']"
2025-10-20 21:46:00,2025-10-20 21:46:30,400,1,1,0.0025,"['person', 'cell phone', 'surfboard']"
2025-10-20 21:47:00,2025-10-20 21:47:30,417,1,1,0.002398081534772182,"['person', 'cell phone', 'surfboard']"
2025-10-20 21:48:00,2025-10-20 21:48:30,384,1,1,0.0026041666666666665,"['person', 'cell phone', 'surfboard']"
2025-10-20 21:49:00,2025-10-20 21:49:30,376,1,1,0.0026595744680851063,"['person', 'cell phone']"
2025-10-20 21:50:00,2025-10-20 21:50:30,364,1,1,0.0027472527472527475,"['person', 'cell phone']"
2025-10-20 21:51:00,2025-10-20 21:51:30,476,1,1,0.0021008403361344537,"['donut', 'laptop', 'remote', 'person', 'cell phone', 'chair', 'surfboard']"
2025-10-20 21:52:00,2025-10-20 21:52:30,382,1,1,0.002617801047120419,"['person', 'cell phone', 'chair']"
2025-10-20 21:53:00,2025-10-20 21:53:30,370,1,1,0.002702702702702703,"['person', 'cell phone']"
2025-10-20 21:54:00,2025-10-20 21:54:30,362,1,1,0.0027624309392265192,"['person', 'cell phone']"
2025-10-20 21:55:00,2025-10-20 21:55:30,352,1,1,0.002840909090909091,"['person', 'cell phone', 'chair']"
2025-10-20 21:56:00,2025-10-20 21:56:30,349,1,1,0.0028653295128939827,"['bottle', 'donut', 'bird', 'remote', 'person', 'cell phone']"
2025-10-20 21:57:00,2025-10-20 21:57:30,407,1,1,0.002457002457002457,"['bottle', 'donut', 'handbag', 'remote', 'person', 'wine glass', 'cell phone', 'chair']"
2025-10-20 21:58:00,2025-10-20 21:58:30,371,1,1,0.0026954177897574125,"['person', 'handbag', 'donut', 'chair']"
2025-10-20 21:59:00,2025-10-20 21:59:30,367,1,1,0.0027247956403269754,"['cup', 'handbag', 'person', 'cell phone', 'chair']"
2025-10-20 22:00:00,2025-10-20 22:00:30,72,1,1,0.013888888888888888,"['handbag', 'carrot', 'person', 'couch', 'chair']"
2025-10-20 22:01:00,2025-10-20 22:01:30,139,2,2,0.014388489208633094,"['person', 'handbag', 'chair']"
2025-10-20 22:02:00,2025-10-20 22:02:30,95,2,2,0.021052631578947368,"['person', 'handbag', 'bird', 'cell phone']"
2025-10-20 22:11:00,2025-10-20 22:11:30,92,1,1,0.010869565217391304,"['suitcase', 'handbag', 'donut', 'person', 'cell phone', 'chair']"
2025-10-20 22:12:00,2025-10-20 22:12:30,337,1,1,0.002967359050445104,"['person', 'handbag', 'suitcase', 'cell phone']"
2025-10-20 22:13:00,2025-10-20 22:13:30,353,1,1,0.0028328611898017,"['suitcase', 'cup', 'handbag', 'person', 'cell phone']"
2025-10-20 22:14:00,2025-10-20 22:14:30,348,1,1,0.0028735632183908046,"['suitcase', 'handbag', 'tie', 'person', 'cell phone']"
2025-10-20 22:15:00,2025-10-20 22:15:30,352,1,1,0.002840909090909091,"['bed', 'suitcase', 'handbag', 'tie', 'person', 'cell phone']"
2025-10-20 22:16:00,2025-10-20 22:16:30,348,1,1,0.0028735632183908046,"['bed', 'handbag', 'tie', 'person', 'cell phone']"
2025-10-20 22:17:00,2025-10-20 22:17:30,346,1,1,0.002890173410404624,"['bed', 'suitcase', 'handbag', 'person', 'wine glass', 'cell phone']"
2025-10-20 22:18:00,2025-10-20 22:18:30,352,1,1,0.002840909090909091,"['suitcase', 'bed', 'handbag', 'tie', 'person']"
2025-10-20 22:19:00,2025-10-20 22:19:30,348,1,1,0.0028735632183908046,"['suitcase', 'bed', 'handbag', 'tie', 'person']"
2025-10-20 22:20:00,2025-10-20 22:20:30,345,1,1,0.002898550724637681,"['suitcase', 'handbag', 'tie', 'person', 'cell phone']"
2025-10-20 22:21:00,2025-10-20 22:21:30,349,1,1,0.0028653295128939827,"['bed', 'suitcase', 'handbag', 'tie', 'person', 'cell phone']"
2025-10-20 22:22:00,2025-10-20 22:22:30,352,1,1,0.002840909090909091,"['suitcase', 'handbag', 'tie', 'person', 'cell phone', 'chair']"
2025-10-20 22:23:00,2025-10-20 22:23:30,268,2,2,0.007462686567164179,"['suitcase', 'handbag', 'person', 'cell phone', 'chair']"
